	headline_time_created	headline_id	headline_text	headline_language	headline_source	headline_url
0	Sat, 25 Jul 2020 15:58:00 GMT	52780948641976	Tropical Storm Hanna upgrades to a hurricane, bringing heavy rain to Houston - Chron		Chron	https://news.google.com/__i/rss/rd/articles/CBMibGh0dHBzOi8vd3d3LmNocm9uLmNvbS9uZXdzL2hvdXN0b24td2VhdGhlci9hcnRpY2xlL1Ryb3BpY2FsLVN0b3JtLUhhbm5hLXVwZ3JhZGVzLXRvLWEtaHVycmljYW5lLTE1NDMzNzI4LnBocNIBaGh0dHBzOi8vd3d3LmNocm9uLmNvbS9uZXdzL2hvdXN0b24td2VhdGhlci9hbXAvVHJvcGljYWwtU3Rvcm0tSGFubmEtdXBncmFkZXMtdG8tYS1odXJyaWNhbmUtMTU0MzM3MjgucGhw?oc=5
1	Sat, 25 Jul 2020 19:08:00 GMT	52780948590446	Florida now has more coronavirus cases than New York and California leads the nation - CNBC		CNBC	https://news.google.com/__i/rss/rd/articles/CBMieWh0dHBzOi8vd3d3LmNuYmMuY29tLzIwMjAvMDcvMjUvZmxvcmlkYS1ub3ctaGFzLW1vcmUtY29yb25hdmlydXMtY2FzZXMtdGhhbi1uZXcteW9yay1hbmQtY2FsaWZvcm5pYS1sZWFkcy10aGUtbmF0aW9uLmh0bWzSAX1odHRwczovL3d3dy5jbmJjLmNvbS9hbXAvMjAyMC8wNy8yNS9mbG9yaWRhLW5vdy1oYXMtbW9yZS1jb3JvbmF2aXJ1cy1jYXNlcy10aGFuLW5ldy15b3JrLWFuZC1jYWxpZm9ybmlhLWxlYWRzLXRoZS1uYXRpb24uaHRtbA?oc=5
2	Sat, 25 Jul 2020 15:52:14 GMT	52780942128508	US officials raid Chinese consulate in Houston believed to be spy hub - Fox News		Fox News	https://news.google.com/__i/rss/rd/articles/CBMiSWh0dHA6Ly93d3cuZm94bmV3cy5jb20vcG9saXRpY3MvdXMtcmFpZC1jaGluZXNlLWNvbnN1bGF0ZS1ob3VzdG9uLXNweS1odWLSAU5odHRwczovL3d3dy5mb3huZXdzLmNvbS9wb2xpdGljcy91cy1yYWlkLWNoaW5lc2UtY29uc3VsYXRlLWhvdXN0b24tc3B5LWh1Yi5hbXA?oc=5
3	Sat, 25 Jul 2020 22:06:00 GMT	52780944259638	1 person stabbed as thousands protest in Portland; authorities earlier used tear gas on crowd - CNN		CNN	https://news.google.com/__i/rss/rd/articles/CBMiT2h0dHBzOi8vd3d3LmNubi5jb20vMjAyMC8wNy8yNS91cy9wb3J0bGFuZC1zdGFiYmluZy1wcm90ZXN0LXRlYXItZ2FzL2luZGV4Lmh0bWzSAVNodHRwczovL2FtcC5jbm4uY29tL2Nubi8yMDIwLzA3LzI1L3VzL3BvcnRsYW5kLXN0YWJiaW5nLXByb3Rlc3QtdGVhci1nYXMvaW5kZXguaHRtbA?oc=5
4	Sat, 25 Jul 2020 09:00:00 GMT	52780951100143	Will Trump’s Abrupt Shift on Coronavirus Re-energize His Campaign? - The New York Times		The New York Times	https://news.google.com/__i/rss/rd/articles/CBMiTGh0dHBzOi8vd3d3Lm55dGltZXMuY29tLzIwMjAvMDcvMjUvdXMvcG9saXRpY3MvdHJ1bXAtZmxvcmlkYS1jb252ZW50aW9uLmh0bWzSAVBodHRwczovL3d3dy5ueXRpbWVzLmNvbS8yMDIwLzA3LzI1L3VzL3BvbGl0aWNzL3RydW1wLWZsb3JpZGEtY29udmVudGlvbi5hbXAuaHRtbA?oc=5
5	Sat, 25 Jul 2020 20:31:00 GMT	52780949757063	Sinclair to delay segment featuring 'Plandemic' conspiracy theory - POLITICO		POLITICO	https://news.google.com/__i/rss/rd/articles/CBMiamh0dHBzOi8vd3d3LnBvbGl0aWNvLmNvbS9uZXdzLzIwMjAvMDcvMjUvc2luY2xhaXItdG8tZGVsYXktc2VnbWVudC1vbi1wbGFuZGVtaWMtY29uc3BpcmFjeS10aGVvcmllcy0zODE0NTTSAW5odHRwczovL3d3dy5wb2xpdGljby5jb20vYW1wL25ld3MvMjAyMC8wNy8yNS9zaW5jbGFpci10by1kZWxheS1zZWdtZW50LW9uLXBsYW5kZW1pYy1jb25zcGlyYWN5LXRoZW9yaWVzLTM4MTQ1NA?oc=5
6	Fri, 24 Jul 2020 22:42:00 GMT	CBMia2h0dHBzOi8vd3d3LmxhdGltZXMuY29tL3dvcmxkLW5hdGlvbi9zdG9yeS8yMDIwLTA3LTI0L3RydW1wLWdvcC1hbGx5LXZvdy1jb25mZWRlcmF0ZS1iYXNlLW5hbWVzLXdvbnQtY2hhbmdl0gF1aHR0cHM6Ly93d3cubGF0aW1lcy5jb20vd29ybGQtbmF0aW9uL3N0b3J5LzIwMjAtMDctMjQvdHJ1bXAtZ29wLWFsbHktdm93LWNvbmZlZGVyYXRlLWJhc2UtbmFtZXMtd29udC1jaGFuZ2U_X2FtcD10cnVl	Trump and GOP ally vow Confederate base names won't change - Los Angeles Times		Los Angeles Times	https://news.google.com/__i/rss/rd/articles/CBMia2h0dHBzOi8vd3d3LmxhdGltZXMuY29tL3dvcmxkLW5hdGlvbi9zdG9yeS8yMDIwLTA3LTI0L3RydW1wLWdvcC1hbGx5LXZvdy1jb25mZWRlcmF0ZS1iYXNlLW5hbWVzLXdvbnQtY2hhbmdl0gF1aHR0cHM6Ly93d3cubGF0aW1lcy5jb20vd29ybGQtbmF0aW9uL3N0b3J5LzIwMjAtMDctMjQvdHJ1bXAtZ29wLWFsbHktdm93LWNvbmZlZGVyYXRlLWJhc2UtbmFtZXMtd29udC1jaGFuZ2U_X2FtcD10cnVl?oc=5
7	Sat, 25 Jul 2020 17:39:41 GMT	52780946167810	Hurricane Douglas to swipe Hawaii, producing flooding rain, damaging winds and huge waves - The Washington Post		The Washington Post	https://news.google.com/__i/rss/rd/articles/CBMigwFodHRwczovL3d3dy53YXNoaW5ndG9ucG9zdC5jb20vd2VhdGhlci8yMDIwLzA3LzI1L2h1cnJpY2FuZS1kb3VnbGFzLXN3aXBlLWhhd2FpaS1wcm9kdWNpbmctZmxvb2RpbmctcmFpbi1kYW1hZ2luZy13aW5kcy1odWdlLXdhdmVzL9IBkgFodHRwczovL3d3dy53YXNoaW5ndG9ucG9zdC5jb20vd2VhdGhlci8yMDIwLzA3LzI1L2h1cnJpY2FuZS1kb3VnbGFzLXN3aXBlLWhhd2FpaS1wcm9kdWNpbmctZmxvb2RpbmctcmFpbi1kYW1hZ2luZy13aW5kcy1odWdlLXdhdmVzLz9vdXRwdXRUeXBlPWFtcA?oc=5
8	Sat, 25 Jul 2020 01:41:15 GMT	52780948365802	Teen sentenced to life in prison for May 2019 school shooting - ABC News		ABC News	https://news.google.com/__i/rss/rd/articles/CBMiW2h0dHBzOi8vYWJjbmV3cy5nby5jb20vVVMvdGVlbi1zZW50ZW5jZWQtbGlmZS1wcmlzb24tMjAxOS1zY2hvb2wtc2hvb3Rpbmcvc3Rvcnk_aWQ9NzE5NDkwNTHSAV9odHRwczovL2FiY25ld3MuZ28uY29tL2FtcC9VUy90ZWVuLXNlbnRlbmNlZC1saWZlLXByaXNvbi0yMDE5LXNjaG9vbC1zaG9vdGluZy9zdG9yeT9pZD03MTk0OTA1MQ?oc=5
9	Sat, 25 Jul 2020 15:00:00 GMT	CAIiEBLdLNnQS5WDlq4R_MUF9nwqFQgEKg0IACoGCAowrqkBMKBFMLKAAg	Here Are The Latest Numbers For Second Stimulus Checks, Student Loans, Unemployment And More - Forbes		Forbes	https://news.google.com/__i/rss/rd/articles/CBMiYGh0dHBzOi8vd3d3LmZvcmJlcy5jb20vc2l0ZXMvemFja2ZyaWVkbWFuLzIwMjAvMDcvMjUvc3RpbXVsdXMtY2hlY2tzLXVuZW1wbG95bWVudC1zdHVkZW50LWxvYW5zL9IBZGh0dHBzOi8vd3d3LmZvcmJlcy5jb20vc2l0ZXMvemFja2ZyaWVkbWFuLzIwMjAvMDcvMjUvc3RpbXVsdXMtY2hlY2tzLXVuZW1wbG95bWVudC1zdHVkZW50LWxvYW5zL2FtcC8?oc=5
10	Fri, 24 Jul 2020 22:02:00 GMT	52780949312648	Singaporean consultant pleads guilty to acting as agent for China, targeting Americans for intelligence recruitment - The Washington Post		The Washington Post	https://news.google.com/__i/rss/rd/articles/CBMi3wFodHRwczovL3d3dy53YXNoaW5ndG9ucG9zdC5jb20vbG9jYWwvbGVnYWwtaXNzdWVzL3NpbmdhcG9yZWFuLWNvbnN1bHRhbnQtcGxlYWRzLWd1aWx0eS10by1hY3RpbmctYXMtYWdlbnQtZm9yLWNoaW5hLXRhcmdldGluZy1hbWVyaWNhbnMtZm9yLWludGVsbGlnZW5jZS1yZWNydWl0bWVudC8yMDIwLzA3LzI0Lzc5MDcwY2Q4LWNkYjMtMTFlYS1iYzZhLTY4NDFiMjhkOTA5M19zdG9yeS5odG1s0gHuAWh0dHBzOi8vd3d3Lndhc2hpbmd0b25wb3N0LmNvbS9sb2NhbC9sZWdhbC1pc3N1ZXMvc2luZ2Fwb3JlYW4tY29uc3VsdGFudC1wbGVhZHMtZ3VpbHR5LXRvLWFjdGluZy1hcy1hZ2VudC1mb3ItY2hpbmEtdGFyZ2V0aW5nLWFtZXJpY2Fucy1mb3ItaW50ZWxsaWdlbmNlLXJlY3J1aXRtZW50LzIwMjAvMDcvMjQvNzkwNzBjZDgtY2RiMy0xMWVhLWJjNmEtNjg0MWIyOGQ5MDkzX3N0b3J5Lmh0bWw_b3V0cHV0VHlwZT1hbXA?oc=5
11	Sat, 25 Jul 2020 16:47:00 GMT	52780942111421	Passengers on airplane 'harassed' by fighter jet can sue US: Iran - New York Post		New York Post	https://news.google.com/__i/rss/rd/articles/CBMiTmh0dHBzOi8vbnlwb3N0LmNvbS8yMDIwLzA3LzI1L3Bhc3NlbmdlcnMtb24taGFyYXNzZWQtYWlycGxhbmUtY2FuLXN1ZS11cy1pcmFuL9IBUmh0dHBzOi8vbnlwb3N0LmNvbS8yMDIwLzA3LzI1L3Bhc3NlbmdlcnMtb24taGFyYXNzZWQtYWlycGxhbmUtY2FuLXN1ZS11cy1pcmFuL2FtcC8?oc=5
12	Sat, 25 Jul 2020 19:41:00 GMT	52780948758776	Brazil's president tests negative for coronavirus - CNN		CNN	https://news.google.com/__i/rss/rd/articles/CBMiaWh0dHBzOi8vd3d3LmNubi5jb20vd29ybGQvbGl2ZS1uZXdzL2Nvcm9uYXZpcnVzLXBhbmRlbWljLTA3LTI1LTIwLWludGwvaF8yMWM0NWE2M2U3NjllNDExNjExNTA0YTJlNDRmZGExMNIBAA?oc=5
13	Sat, 25 Jul 2020 17:11:25 GMT	52780947891247	Coronavirus: Spain drives fears of European 'second wave' - BBC News		BBC News	https://news.google.com/__i/rss/rd/articles/CBMiLmh0dHBzOi8vd3d3LmJiYy5jb20vbmV3cy93b3JsZC1ldXJvcGUtNTM1MzkwMTXSATJodHRwczovL3d3dy5iYmMuY29tL25ld3MvYW1wL3dvcmxkLWV1cm9wZS01MzUzOTAxNQ?oc=5
14	Sat, 25 Jul 2020 16:10:00 GMT	52780945588527	Zuckerberg, Bezos, Cook and Pichai antitrust hearing rescheduled for Wednesday - CNET		CNET	https://news.google.com/__i/rss/rd/articles/CBMiZ2h0dHBzOi8vd3d3LmNuZXQuY29tL25ld3MvenVja2VyYmVyZy1iZXpvcy1jb29rLWFuZC1waWNoYWktYW50aXRydXN0LWhlYXJpbmctcmVzY2hlZHVsZWQtZm9yLXdlZG5lc2RheS_SAXJodHRwczovL3d3dy5jbmV0LmNvbS9nb29nbGUtYW1wL25ld3MvenVja2VyYmVyZy1iZXpvcy1jb29rLWFuZC1waWNoYWktYW50aXRydXN0LWhlYXJpbmctcmVzY2hlZHVsZWQtZm9yLXdlZG5lc2RheS8?oc=5
15	Sat, 25 Jul 2020 00:07:00 GMT	52780948355732	Bankrupt Neiman Marcus to close its Bellevue location - Seattle Times		Seattle Times	https://news.google.com/__i/rss/rd/articles/CBMiY2h0dHBzOi8vd3d3LnNlYXR0bGV0aW1lcy5jb20vYnVzaW5lc3MvcmV0YWlsL2JhbmtydXB0LW5laW1hbi1tYXJjdXMtdG8tY2xvc2UtaXRzLWJlbGxldnVlLWxvY2F0aW9uL9IBaWh0dHBzOi8vd3d3LnNlYXR0bGV0aW1lcy5jb20vYnVzaW5lc3MvcmV0YWlsL2JhbmtydXB0LW5laW1hbi1tYXJjdXMtdG8tY2xvc2UtaXRzLWJlbGxldnVlLWxvY2F0aW9uLz9hbXA9MQ?oc=5
16	Fri, 24 Jul 2020 19:28:00 GMT	52780948975896	Novavax’s 3,500% Surge on a Covid-19 Vaccine Faces First Test - Bloomberg		Bloomberg	https://news.google.com/__i/rss/rd/articles/CBMib2h0dHBzOi8vd3d3LmJsb29tYmVyZy5jb20vbmV3cy9hcnRpY2xlcy8yMDIwLTA3LTI0L25vdmF2YXgtcy0zLTUwMC1zdXJnZS1vbi1hLWNvdmlkLTE5LXZhY2NpbmUtZmFjZXMtZmlyc3QtdGVzdNIBc2h0dHBzOi8vd3d3LmJsb29tYmVyZy5jb20vYW1wL25ld3MvYXJ0aWNsZXMvMjAyMC0wNy0yNC9ub3ZhdmF4LXMtMy01MDAtc3VyZ2Utb24tYS1jb3ZpZC0xOS12YWNjaW5lLWZhY2VzLWZpcnN0LXRlc3Q?oc=5
17	Sat, 25 Jul 2020 11:19:00 GMT	52780948369073	Ford Bronco vs. Jeep Wrangler: Here are some of the most rugged off roaders of all time - USA TODAY		USA TODAY	https://news.google.com/__i/rss/rd/articles/CBMigwFodHRwczovL3d3dy51c2F0b2RheS5jb20vcGljdHVyZS1nYWxsZXJ5L21vbmV5L2NhcnMvMjAyMC8wNy8yNS9icm9uY28tdnMtd3JhbmdsZXItc29tZS1tb3N0LXJ1Z2dlZC1vZmYtcm9hZGVycy1hbGwtdGltZS81NDkzODIyMDAyL9IBAA?oc=5
18	Sat, 25 Jul 2020 20:25:41 GMT	52780947362332	Apple starts making first flagship iPhone in India - The Verge		The Verge	https://news.google.com/__i/rss/rd/articles/CBMiTmh0dHBzOi8vd3d3LnRoZXZlcmdlLmNvbS8yMDIwLzcvMjUvMjEzMzg0MzYvYXBwbGUtaXBob25lMTEtaW5kaWEtZm94Y29ubi1jaGluYdIBW2h0dHBzOi8vd3d3LnRoZXZlcmdlLmNvbS9wbGF0Zm9ybS9hbXAvMjAyMC83LzI1LzIxMzM4NDM2L2FwcGxlLWlwaG9uZTExLWluZGlhLWZveGNvbm4tY2hpbmE?oc=5
19	Fri, 24 Jul 2020 23:30:00 GMT	52780948285234	Galaxy Watch 3 app reveals new gestures for calls, taking photos - 9to5Google		9to5Google	https://news.google.com/__i/rss/rd/articles/CBMiS2h0dHBzOi8vOXRvNWdvb2dsZS5jb20vMjAyMC8wNy8yNC9zYW1zdW5nLWdhbGF4eS13YXRjaC0zLWdlc3R1cmVzLWZlYXR1cmVzL9IBT2h0dHBzOi8vOXRvNWdvb2dsZS5jb20vMjAyMC8wNy8yNC9zYW1zdW5nLWdhbGF4eS13YXRjaC0zLWdlc3R1cmVzLWZlYXR1cmVzL2FtcC8?oc=5
20	Sat, 25 Jul 2020 15:00:00 GMT	52780945610797	With Game Pass Ultimate, PC gamers have no need for the Xbox Series X - TechRadar		TechRadar	https://news.google.com/__i/rss/rd/articles/CBMiY2h0dHBzOi8vd3d3LnRlY2hyYWRhci5jb20vbmV3cy93aXRoLWdhbWUtcGFzcy11bHRpbWF0ZS1wYy1nYW1lcnMtaGF2ZS1uby1uZWVkLWZvci10aGUteGJveC1zZXJpZXMteNIBZ2h0dHBzOi8vd3d3LnRlY2hyYWRhci5jb20vYW1wL25ld3Mvd2l0aC1nYW1lLXBhc3MtdWx0aW1hdGUtcGMtZ2FtZXJzLWhhdmUtbm8tbmVlZC1mb3ItdGhlLXhib3gtc2VyaWVzLXg?oc=5
21	Sat, 25 Jul 2020 12:22:00 GMT	52780944718190	Microsoft Surface Duo could launch in time to fight Galaxy Z Fold 2 - Tom's Guide		Tom's Guide	https://news.google.com/__i/rss/rd/articles/CBMiYWh0dHBzOi8vd3d3LnRvbXNndWlkZS5jb20vbmV3cy9taWNyb3NvZnQtc3VyZmFjZS1kdW8tY291bGQtbGF1bmNoLWluLXRpbWUtdG8tYmF0dGxlLWdhbGF4eS1mb2xkLTLSAWVodHRwczovL3d3dy50b21zZ3VpZGUuY29tL2FtcC9uZXdzL21pY3Jvc29mdC1zdXJmYWNlLWR1by1jb3VsZC1sYXVuY2gtaW4tdGltZS10by1iYXR0bGUtZ2FsYXh5LWZvbGQtMg?oc=5
22	Sat, 25 Jul 2020 20:09:00 GMT	52780951364900	Regis Philbin Dead at 88: Kelly Ripa and More Stars Pay Tribute to Legendary TV Host - E! NEWS		E! NEWS	https://news.google.com/__i/rss/rd/articles/CBMiemh0dHBzOi8vd3d3LmVvbmxpbmUuY29tL25ld3MvMTE3Mzc5Mi9yZWdpcy1waGlsYmluLWRlYWQtYXQtODgtamltbXkta2ltbWVsLWFuZC1tb3JlLXN0YXJzLXBheS10cmlidXRlLXRvLWxlZ2VuZGFyeS10di1ob3N00gF_aHR0cHM6Ly93d3cuZW9ubGluZS5jb20vYW1wL25ld3MvMTE3Mzc5Mi9yZWdpcy1waGlsYmluLWRlYWQtYXQtODg6LWppbW15LWtpbW1lbC1hbmQtbW9yZS1zdGFycy1wYXktdHJpYnV0ZS10by1sZWdlbmRhcnktdHYtaG9zdA?oc=5
23	Sat, 25 Jul 2020 17:56:42 GMT	CBMiJGh0dHBzOi8vd3d3LmJiYy5jb20vbmV3cy91ay01MzUzOTk4OdIBKGh0dHBzOi8vd3d3LmJiYy5jb20vbmV3cy9hbXAvdWstNTM1Mzk5ODk	Peter Green: Fleetwood Mac co-founder dies aged 73 - BBC News		BBC News	https://news.google.com/__i/rss/rd/articles/CBMiJGh0dHBzOi8vd3d3LmJiYy5jb20vbmV3cy91ay01MzUzOTk4OdIBKGh0dHBzOi8vd3d3LmJiYy5jb20vbmV3cy9hbXAvdWstNTM1Mzk5ODk?oc=5
24	Sat, 25 Jul 2020 20:26:15 GMT	52780948022325	Kanye West tweets he 'can beat Biden off of write ins' - Fox News		Fox News	https://news.google.com/__i/rss/rd/articles/CBMiS2h0dHBzOi8vd3d3LmZveG5ld3MuY29tL3BvbGl0aWNzL2thbnllLXdlc3QtdHdlZXRzLWJlYXQtYmlkZW4tb2ZmLXdyaXRlLWluc9IBT2h0dHBzOi8vd3d3LmZveG5ld3MuY29tL3BvbGl0aWNzL2thbnllLXdlc3QtdHdlZXRzLWJlYXQtYmlkZW4tb2ZmLXdyaXRlLWlucy5hbXA?oc=5
25	Sat, 25 Jul 2020 19:48:00 GMT	52780945877152	Taylor Swift’s ‘Folklore’ Sells 1.3 Million Copies in 24 Hours - Variety		Variety	https://news.google.com/__i/rss/rd/articles/CBMiW2h0dHBzOi8vdmFyaWV0eS5jb20vMjAyMC9tdXNpYy9uZXdzL3RheWxvci1zd2lmdC1mb2xrbG9yZS1taWxsaW9uLXNvbGQtMjQtaG91cnMtMTIzNDcxNjU3OC_SAV9odHRwczovL3ZhcmlldHkuY29tLzIwMjAvbXVzaWMvbmV3cy90YXlsb3Itc3dpZnQtZm9sa2xvcmUtbWlsbGlvbi1zb2xkLTI0LWhvdXJzLTEyMzQ3MTY1NzgvYW1wLw?oc=5
26	Sat, 25 Jul 2020 20:21:19 GMT	52780948123674	New York Jets trade Jamal Adams to Seattle Seahawks, get two first-round picks - ESPN		ESPN	https://news.google.com/__i/rss/rd/articles/CBMid2h0dHBzOi8vd3d3LmVzcG4uY29tL25mbC9zdG9yeS9fL2lkLzI5NTM3NDQ4L25ldy15b3JrLWpldHMtdHJhZGUtamFtYWwtYWRhbXMtc2VhdHRsZS1zZWFoYXdrcy1nZXQtdHdvLWZpcnN0LXJvdW5kLXBpY2tz0gGEAWh0dHBzOi8vd3d3LmVzcG4uY29tL25mbC9zdG9yeS9fL2lkLzI5NTM3NDQ4L25ldy15b3JrLWpldHMtdHJhZGUtamFtYWwtYWRhbXMtc2VhdHRsZS1zZWFoYXdrcy1nZXQtdHdvLWZpcnN0LXJvdW5kLXBpY2tzP3BsYXRmb3JtPWFtcA?oc=5
27	Sat, 25 Jul 2020 20:50:00 GMT	52780948234877	Knicks hiring Tom Thibodeau is a slam dunk in every way - New York Post		New York Post	https://news.google.com/__i/rss/rd/articles/CBMiVmh0dHBzOi8vbnlwb3N0LmNvbS8yMDIwLzA3LzI1L2tuaWNrcy1oaXJpbmctdG9tLXRoaWJvZGVhdS1pcy1hLXNsYW0tZHVuay1pbi1ldmVyeS13YXkv0gFaaHR0cHM6Ly9ueXBvc3QuY29tLzIwMjAvMDcvMjUva25pY2tzLWhpcmluZy10b20tdGhpYm9kZWF1LWlzLWEtc2xhbS1kdW5rLWluLWV2ZXJ5LXdheS9hbXAv?oc=5
28	Sat, 25 Jul 2020 21:20:51 GMT	52780945708816	WNBA players walk off court during national anthem ahead of season opener - Fox News		Fox News	https://news.google.com/__i/rss/rd/articles/CBMiWGh0dHBzOi8vd3d3LmZveG5ld3MuY29tL3Nwb3J0cy93bmJhLXBsYXllcnMtd2Fsay1vZmYtY291cnQtbmF0aW9uYWwtYW50aGVtLXNlYXNvbi1vcGVuZXLSAVxodHRwczovL3d3dy5mb3huZXdzLmNvbS9zcG9ydHMvd25iYS1wbGF5ZXJzLXdhbGstb2ZmLWNvdXJ0LW5hdGlvbmFsLWFudGhlbS1zZWFzb24tb3BlbmVyLmFtcA?oc=5
29	Fri, 24 Jul 2020 20:09:00 GMT	52780938616994	Baseball’s Rainy Return Shatters Opening-Night Viewership Records With Yankees’ Win On ESPN - Deadline		Deadline	https://news.google.com/__i/rss/rd/articles/CBMilQFodHRwczovL2RlYWRsaW5lLmNvbS8yMDIwLzA3L3lhbmtlZXMtYmFzZWJhbGwtcmV0dXJuLXZpZXdlc2hpcC1yZWNvcmRzLXdhc2hpbmd0b24tbmF0aW9uYWxzLWVzcG4tc2FuLWZyYW5jaXNjby1naWFudHMtbG9zLWFuZ2VsZXMtZG9kZ2Vycy0xMjAyOTk0NjQ4L9IBmQFodHRwczovL2RlYWRsaW5lLmNvbS8yMDIwLzA3L3lhbmtlZXMtYmFzZWJhbGwtcmV0dXJuLXZpZXdlc2hpcC1yZWNvcmRzLXdhc2hpbmd0b24tbmF0aW9uYWxzLWVzcG4tc2FuLWZyYW5jaXNjby1naWFudHMtbG9zLWFuZ2VsZXMtZG9kZ2Vycy0xMjAyOTk0NjQ4L2FtcC8?oc=5
30	Sat, 25 Jul 2020 12:33:35 GMT	52780940269053	NASA's new Mars rover to record '7 minutes of terror' descent in HD - Business Insider - Business Insider		Business Insider	https://news.google.com/__i/rss/rd/articles/CBMiZmh0dHBzOi8vd3d3LmJ1c2luZXNzaW5zaWRlci5jb20vbmFzYS1tYXJzLXBlcnNldmVyYW5jZS1yb3Zlci1zZXZlbi1taW51dGVzLXRlcnJvci1sYW5kaW5nLXZpZGVvLTIwMjAtN9IBamh0dHBzOi8vd3d3LmJ1c2luZXNzaW5zaWRlci5jb20vbmFzYS1tYXJzLXBlcnNldmVyYW5jZS1yb3Zlci1zZXZlbi1taW51dGVzLXRlcnJvci1sYW5kaW5nLXZpZGVvLTIwMjAtNz9hbXA?oc=5
31	Sat, 25 Jul 2020 16:22:00 GMT	52780946490747	NASA's brand new image of Saturn will blow your mind - Mashable		Mashable	https://news.google.com/__i/rss/rd/articles/CBMiL2h0dHBzOi8vbWFzaGFibGUuY29tL2FydGljbGUvc2F0dXJuLWltYWdlLW5hc2Ev0gEyaHR0cHM6Ly9tYXNoYWJsZS5jb20vYXJ0aWNsZS9zYXR1cm4taW1hZ2UtbmFzYS5hbXA?oc=5
32	Fri, 24 Jul 2020 08:33:37 GMT	52780943006138	Must-see: Comet Neowise brightens the sky in New York couple’s viral engagement photos - WSB Atlanta		WSB Atlanta	https://news.google.com/__i/rss/rd/articles/CBMijAFodHRwczovL3d3dy53c2J0di5jb20vbmV3cy90cmVuZGluZy9tdXN0LXNlZS1jb21ldC1uZW93aXNlLWJyaWdodGVucy1za3ktbmV3LXlvcmstY291cGxlcy12aXJhbC1lbmdhZ2VtZW50LXBob3RvL1JKNjQ2VlFNT0ZBSUxIVDZJTDdKS0lUMjRJL9IBmwFodHRwczovL3d3dy53c2J0di5jb20vbmV3cy90cmVuZGluZy9tdXN0LXNlZS1jb21ldC1uZW93aXNlLWJyaWdodGVucy1za3ktbmV3LXlvcmstY291cGxlcy12aXJhbC1lbmdhZ2VtZW50LXBob3RvL1JKNjQ2VlFNT0ZBSUxIVDZJTDdKS0lUMjRJLz9vdXRwdXRUeXBlPWFtcA?oc=5
33	Fri, 24 Jul 2020 15:27:00 GMT	CBMiX2h0dHBzOi8vd3d3LmV4cHJlc3MuY28udWsvbmV3cy9zY2llbmNlLzEzMTI0NzMvQ29tZXQtTkVPV0lTRS10b25pZ2h0LXdoZXJlLWlzLUNvbWV0LU5FT1dJU0Utbm930gFjaHR0cHM6Ly93d3cuZXhwcmVzcy5jby51ay9uZXdzL3NjaWVuY2UvMTMxMjQ3My9Db21ldC1ORU9XSVNFLXRvbmlnaHQtd2hlcmUtaXMtQ29tZXQtTkVPV0lTRS1ub3cvYW1w	Comet NEOWISE tonight: Where is Comet NEOWISE now? - Daily Express		Daily Express	https://news.google.com/__i/rss/rd/articles/CBMiX2h0dHBzOi8vd3d3LmV4cHJlc3MuY28udWsvbmV3cy9zY2llbmNlLzEzMTI0NzMvQ29tZXQtTkVPV0lTRS10b25pZ2h0LXdoZXJlLWlzLUNvbWV0LU5FT1dJU0Utbm930gFjaHR0cHM6Ly93d3cuZXhwcmVzcy5jby51ay9uZXdzL3NjaWVuY2UvMTMxMjQ3My9Db21ldC1ORU9XSVNFLXRvbmlnaHQtd2hlcmUtaXMtQ29tZXQtTkVPV0lTRS1ub3cvYW1w?oc=5
34	Sat, 25 Jul 2020 18:30:00 GMT	CAIiEAUjiroiSNAgmUTrLQYepg4qGAgEKg8IACoHCAowjtSUCjC30XQwi5e9Bg	Ancient teeth show history of epidemics is much older than we thought - The Washington Post		The Washington Post	https://news.google.com/__i/rss/rd/articles/CBMipgFodHRwczovL3d3dy53YXNoaW5ndG9ucG9zdC5jb20vaGVhbHRoL2FuY2llbnQtdGVldGgtc2hvdy1oaXN0b3J5LW9mLWVwaWRlbWljcy1pcy1tdWNoLW9sZGVyLXRoYW4td2UtdGhvdWdodC8yMDIwLzA3LzI0LzRmMThlZDk0LWI2NDEtMTFlYS1hOGRhLTY5M2RmM2Q3Njc0YV9zdG9yeS5odG1s0gG1AWh0dHBzOi8vd3d3Lndhc2hpbmd0b25wb3N0LmNvbS9oZWFsdGgvYW5jaWVudC10ZWV0aC1zaG93LWhpc3Rvcnktb2YtZXBpZGVtaWNzLWlzLW11Y2gtb2xkZXItdGhhbi13ZS10aG91Z2h0LzIwMjAvMDcvMjQvNGYxOGVkOTQtYjY0MS0xMWVhLWE4ZGEtNjkzZGYzZDc2NzRhX3N0b3J5Lmh0bWw_b3V0cHV0VHlwZT1hbXA?oc=5
35	Sat, 25 Jul 2020 14:00:00 GMT	52780951695656	Antivirus: A weekly digest of the latest COVID-19 research - The Verge		The Verge	https://news.google.com/__i/rss/rd/articles/CBMiX2h0dHBzOi8vd3d3LnRoZXZlcmdlLmNvbS8yMDIwLzcvMjUvMjEzMzY5MjUvY29yb25hdmlydXMtY292aWQtbmV3cy12YWNjaW5lLXRyZWF0bWVudC1hbnRpYm9kaWVz0gFsaHR0cHM6Ly93d3cudGhldmVyZ2UuY29tL3BsYXRmb3JtL2FtcC8yMDIwLzcvMjUvMjEzMzY5MjUvY29yb25hdmlydXMtY292aWQtbmV3cy12YWNjaW5lLXRyZWF0bWVudC1hbnRpYm9kaWVz?oc=5
36	Fri, 24 Jul 2020 13:48:00 GMT	52780950247127	Exclusive: EU eyes COVID-19 vaccines at less than $40, shuns WHO-led alliance - sources - Reuters UK		Reuters UK	https://news.google.com/__i/rss/rd/articles/CBMiqAFodHRwczovL3VrLnJldXRlcnMuY29tL2FydGljbGUvdXMtaGVhbHRoLWNvcm9uYXZpcnVzLWV1LXZhY2NpbmVzLWV4Y2x1cy9leGNsdXNpdmUtZXUtZXllcy1jb3ZpZC0xOS12YWNjaW5lcy1hdC1sZXNzLXRoYW4tNDAtc2h1bnMtd2hvLWxlZC1hbGxpYW5jZS1zb3VyY2VzLWlkVUtLQ04yNFAxT1nSATdodHRwczovL3VrLm1vYmlsZS5yZXV0ZXJzLmNvbS9hcnRpY2xlL2FtcC9pZFVLS0NOMjRQMU9Z?oc=5
37	Sat, 25 Jul 2020 19:58:00 GMT	52780948948554	Coronavirus in Oregon: 408 new cases, 4 deaths, officials report - OregonLive		OregonLive	https://news.google.com/__i/rss/rd/articles/CBMicWh0dHBzOi8vd3d3Lm9yZWdvbmxpdmUuY29tL2Nvcm9uYXZpcnVzLzIwMjAvMDcvY29yb25hdmlydXMtaW4tb3JlZ29uLTQwOC1uZXctY2FzZXMtNC1kZWF0aHMtb2ZmaWNpYWxzLXJlcG9ydC5odG1s0gGAAWh0dHBzOi8vd3d3Lm9yZWdvbmxpdmUuY29tL2Nvcm9uYXZpcnVzLzIwMjAvMDcvY29yb25hdmlydXMtaW4tb3JlZ29uLTQwOC1uZXctY2FzZXMtNC1kZWF0aHMtb2ZmaWNpYWxzLXJlcG9ydC5odG1sP291dHB1dFR5cGU9YW1w?oc=5
